{"cameraMode":{"drawMode":0,"name":"Shaded","section":"Shading Mode"},"sceneLighting":true,"audioPlay":false,"sceneViewState":{"showFog":false,"showMaterialUpdate":false,"showSkybox":false,"showFlares":false,"showImageEffects":false,"showParticleSystems":false},"in2DMode":false,"pivot":{"x":-0.2485506534576416,"y":0.0029728226363658907,"z":0.7777339220046997},"rotation":{"x":-0.003542654449120164,"y":0.9854519367218018,"z":0.020697476342320443,"w":0.16865211725234986},"size":0.7916686534881592,"orthographic":true}