{"cameraMode":{"drawMode":0,"name":"Shaded","section":"Shading Mode"},"sceneLighting":true,"audioPlay":false,"sceneViewState":{"showFog":false,"showMaterialUpdate":false,"showSkybox":false,"showFlares":false,"showImageEffects":false,"showParticleSystems":false},"in2DMode":false,"pivot":{"x":-0.2485506534576416,"y":0.0029728226363658907,"z":0.7777339220046997},"rotation":{"x":0.0014007682912051678,"y":0.9930917620658875,"z":-0.011917672120034695,"w":0.11672481149435044},"size":0.8302103877067566,"orthographic":true}