{"cameraMode":{"drawMode":0,"name":"Shaded","section":"Shading Mode"},"sceneLighting":false,"audioPlay":false,"sceneViewState":{"showFog":true,"showMaterialUpdate":false,"showSkybox":false,"showFlares":true,"showImageEffects":true,"showParticleSystems":true},"in2DMode":false,"pivot":{"x":0.1396174430847168,"y":1.2849923372268677,"z":-0.1412351131439209},"rotation":{"x":0.05847177654504776,"y":-0.8072972297668457,"z":0.5816054940223694,"w":0.081162229180336},"size":2.046823501586914,"orthographic":false}